tag,tier
#travel,broad
#foodie,broad
#카페추천,broad
#instafood,broad
#reels,broad
#맛스타그램,broad
#foodstagram,broad
#koreanfood,mid
#맛집탐방,mid
#카페투어,mid
#yeonnamfood,mid
#seoulfood,mid
#서울맛집,mid
#푸드트립,mid
#빙수,niche
#hiddenrestaurant,niche
#budgeteats,niche
#줄서서먹는,niche
#숨은맛집,niche
#현지맛집,niche
#연남카페,local
#성수카페,local
#seongsu,local
#yeonnam,local
#홍대맛집,local
#cafehopping,broad
#gangnam,broad
#kfood,broad
#seoulcafe,broad
#hongdae,mid
#coffeegram,mid
#연남동,mid
#가을카페,mid
#카페스타그램,mid
#성수동,mid
#seouleat,mid
#가을감성,mid
#aestheticcafe,mid
#단풍맛집,mid
#koreanbbq,mid
#itaewon,mid
#instacafe,mid
#따뜻한음료,mid
#koreandessert,mid
#명동맛집,mid
#cafereview,mid
#가을디저트,mid
#streetfood,niche
#강남카페,niche
#seoulcoffee,niche
#호박라떼,niche
